Cell Line,chrom1,chrom2,breakpoint1,breakpoint2,strands
A549,chr15,chr15,23726603,24650757,--
A549,chr9,chr9,21831216,22128644,+-
A549,chr19,chr19,27503548,30823661,-+
A549,chr3,chr3,80446823,80911814,--
A549,chr21,chr21,17888557,18213122,+-
A549,chr11,chr8,92600824,124906244,+-
A549,chr3,chr3,124959431,172699621,+-
A549,chr7,chr7,133935146,134598065,-+
A549,chr15,chr15,24650563,55029979,+-
A549,chr15,chr15,23623543,53710662,+-
A549,chr15,chr19,74843738,21238602,+-
A549,chr7,chr7,134142739,134699014,-+
A549,chr19,chr19,45239395,45383107,+-
A549,chr15,chr15,35367780,73667700,++
A549,chr19,chr19,30868411,43006485,-+
Caki2,chr12,chr3,87919661,191189184,+-
Caki2,chr12,chr4,66571831,64330748,+-
Caki2,chr2,chr3,205654078,154255632,+-
Caki2,chr5,chr5,129120820,140465013,+-
Caki2,chr1,chr5,158518765,174459505,-+
Caki2,chr18,chr18,29402318,77630645,++/--
Caki2,chr1,chr1,159401686,189911451,+-
Caki2,chrX,chrX,19729092,44696915,++/--
Caki2,chr5,chr5,65103151,174245008,-+
Caki2,chr8,chr8,136668039,136850128,+-
Caki2,chr5,chr5,68666491,170417742,+-
Caki2,chr5,chr5,71807183,95062683,+-
Caki2,chr16,chr5,79128121,23618086,++/--
Caki2,chr1,chr5,164563082,148423962,+-
Caki2,chr2,chr2,150572369,163446321,+-
Caki2,chr16,chr16,66827131,74853617,++/--
Caki2,chr2,chr6,32864254,139243149,++/--
Caki2,chr12,chr3,75379480,159533721,--
Caki2,chr2,chr3,204269325,179667677,-+
Caki2,chr1,chr1,159080501,237157679,-+
Caki2,chr5,chr5,63906391,96148590,++
Caki2,chr1,chr5,198596071,148754088,-+
Caki2,chr8,chr8,106352328,106563422,+-
Caki2,chr10,chr15,65674548,72799526,++
Caki2,chr16,chr16,7070196,29685000,+-
Caki2,chr1,chr5,187910900,172722992,++
Caki2,chr19,chr19,5887083,10711557,+-
Caki2,chr11,chr12,125168740,116801975,+-
Caki2,chr1,chr1,222006691,240628320,-+
Caki2,chr5,chr5,143030114,179964221,++
Caki2,chr3,chr3,160404743,191666003,++
Caki2,chr2,chr3,202408446,161543913,+-
Caki2,chr6,chr6,56370345,122292199,--
Caki2,chr5,chr5,68866699,172264796,-+
Caki2,chr6,chr8,56750050,58550777,--
Caki2,chr5,chr5,63863776,174029743,+-
Caki2,chr6,chr6,97089035,101177234,++/--
Caki2,chr12,chr12,9403445,31119299,+-
Caki2,chr3,chr3,188608776,188867258,+-
Caki2,chr5,chr5,69493632,170603303,+-
Caki2,chr8,chr8,39374555,39529709,+-
Caki2,chr19,chr9,45733765,85978726,+-/-+
Caki2,chr1,chr5,237241450,172012589,-+
Caki2,chr5,chr5,95974126,170635816,-+
Caki2,chr12,chr2,41217597,150529139,+-
Caki2,chr16,chr16,9375310,20900998,+-
Caki2,chr12,chr14,49992586,32800544,--
Caki2,chrX,chrX,117686411,151782309,++/--
Caki2,chr1,chr5,158423287,145895501,--
Caki2,chr5,chr5,63792022,169160235,+-
Caki2,chr1,chr5,210377196,69449762,++
Caki2,chr2,chr3,232921730,131367374,+-
Caki2,chr5,chr5,131178745,161158215,-+
Caki2,chr1,chr5,164645901,168371236,--
Caki2,chr1,chr5,242505134,68751614,++
Caki2,chr5,chr5,68528518,170672538,-+
Caki2,chr5,chr5,168759774,174228548,+-
Caki2,chr1,chr1,216204487,237403033,-+
Caki2,chr16,chr16,59847084,61129405,+-
K562,chr11,chr11,5312156,5443877,+-
K562,chr4,chr4,159570188,162695548,+-
K562,chr13,chr9,108009063,131280137,++
K562,chr22,chr9,23290555,130731760,+-
K562,chr10,chr10,101843385,102036376,+-
K562,chr14,chr14,22740100,23338749,-+
K562,chr10,chr3,86089576,48186689,++
K562,chr22,chr22,18965610,22592903,--
K562,chr10,chr17,38919525,26938352,--
K562,chr13,chr13,93371155,107848624,+-
K562,chr14,chr14,96558591,97172429,-+
K562,chr9,chr9,120790471,128341072,-+
K562,chr18,chr18,8110641,23730829,-+
K562,chr9,chr9,120793531,129891596,-+
K562,chr5,chr5,163794106,164558902,-+
K562,chr13,chr13,80535279,89786452,+-
K562,chr7,chr7,79671143,80139199,-+
K562,chr9,chr9,26589490,38430029,-+
K562,chr1,chr1,186318948,187071977,-+
K562,chr13,chr13,80896023,89786346,+-
K562,chr13,chr13,92293810,93200560,--
K562,chr3,chr3,60621153,60767117,+-
K562,chr22,chr9,16819349,131199197,++
K562,chr1,chr18,54726340,25907721,-+
K562,chr5,chr6,51100047,37855743,++
K562,chr17,chr17,28573108,28945866,-+
K562,chr8,chr8,39374555,39529709,+-
K562,chr7,chr7,36282545,36701472,-+
K562,chr18,chr18,3478987,10860074,++
K562,chr14,chr14,66304882,66445742,+-
K562,chr6,chr6,31651286,31865938,-+
K562,chr18,chr18,479945,21925996,+-
K562,chr18,chr18,7481226,25924756,--
K562,chr18,chr18,39431142,39624601,+-
K562,chr15,chr15,76415875,76673167,+-
K562,chr6,chr6,160986406,161246613,-+
K562,chr1,chr1,172184312,172646532,-+
K562,chr13,chr13,80513898,80895800,-+
K562,chr12,chr21,22558289,24132644,--
K562,chr10,chr10,50358858,50524668,+-
K562,chr1,chr1,210154741,210649176,+-
K562,chr6,chr6,16774241,51870915,++
K562,chr9,chr9,128651698,129668798,--
K562,chr7,chr7,111476850,111773294,-+
LNCaP,chr2,chr2,38215797,74836822,+-
LNCaP,chr6,chr6,75712338,75936908,-+
LNCaP,chr4,chr4,91367639,91505077,+-
LNCaP,chr17,chr17,7553941,44756399,--
LNCaP,chr1,chr15,85568617,77038803,++/--
LNCaP,chr19,chr19,40717823,49133539,+-
LNCaP,chr17,chr17,7342750,44756191,++
LNCaP,chr16,chr6,72078081,42219546,++/--
LNCaP,chr2,chr2,202438866,202689776,-+
LNCaP,chr5,chr5,57851571,59056121,-+
LNCaP,chr17,chr17,7314900,43900232,-+
LNCaP,chr17,chr17,7285809,44677297,+-
LNCaP,chr14,chr14,44449732,45099787,-+
LNCaP,chr14,chr14,29828098,30036793,-+
LNCaP,chr19,chr19,20413003,20535167,+-
LNCaP,chr4,chr4,95391398,97077581,++
LNCaP,chr4,chr6,97077603,86825670,-+
LNCaP,chr14,chr7,37524256,14158532,++/--
LNCaP,chr3,chr3,61169732,61470471,-+
LNCaP,chr1,chr1,10681784,12095648,++
LNCaP,chr1,chr1,11372446,26622862,--
LNCaP,chr14,chr7,37573191,7901149,++/--
LNCaP,chr1,chr1,8367750,11368980,++
LNCaP,chr13,chr13,67565380,75410487,+-
LNCaP,chr10,chr6,94693640,159691736,+-
LNCaP,chr1,chr1,8403774,9696861,--
LNCaP,chrX,chrX,910461,1304792,-+
LNCaP,chr2,chr2,47450421,47756237,+-
LNCaP,chr8,chr8,39374554,39529709,+-
NCI-H460,chr8,chr8,127677956,128392033,--
NCI-H460,chr16,chr7,68973097,95414083,+-
NCI-H460,chr8,chr8,127822200,128588892,++
NCI-H460,chr1,chr16,68204066,78570106,-+
NCI-H460,chr16,chr16,55929353,74743228,--
NCI-H460,chr16,chr16,75199177,77810572,+-
NCI-H460,chr7,chr9,92979155,5294490,++
NCI-H460,chr7,chr7,64806426,132178771,-+
NCI-H460,chr16,chr7,77810420,95413317,++
NCI-H460,chr1,chr1,66840956,71067336,+-
NCI-H460,chr12,chr19,1751416,36219578,++
NCI-H460,chr16,chr19,89415499,37227959,-+
NCI-H460,chr1,chr16,60180584,74762813,--
NCI-H460,chr7,chr9,49917289,5296405,+-
NCI-H460,chr9,chr9,21968815,22129269,+-
NCI-H460,chr4,chr4,3772756,15065771,+-
NCI-H460,chr8,chr8,128899566,129628407,++
NCI-H460,chr22,chr22,37750150,39190920,+-
PANC-1,chr17,chr17,41830553,48524905,+-
PANC-1,chr16,chr6,20788540,123040397,++
PANC-1,chr6,chr6,73700238,105337169,+-
PANC-1,chr1,chr1,104497298,119242153,+-
PANC-1,chr17,chr17,61006844,69330516,--
PANC-1,chr18,chr9,73462820,37773587,-+
PANC-1,chr11,chr12,11332192,26355646,++
PANC-1,chr18,chr18,27289623,34568082,++
PANC-1,chrX,chrX,43118189,121003840,--
PANC-1,chr6,chr6,127456921,166383522,+-
PANC-1,chr6,chr6,117192698,126817243,+-
PANC-1,chr17,chr17,49264905,58182746,++
PANC-1,chr9,chr9,21822586,22344973,+-
SK-N-MC,chr2,chr3,154055593,183704863,+-/-+
SK-N-MC,chr15,chr22,50541159,29291240,+-
SK-N-MC,chr1,chrX,10265113,21496390,+-/-+
SK-N-MC,chr10,chr5,53310171,54347244,+-/-+
SK-N-MC,chr8,chr8,127886030,129377563,+-
SK-N-MC,chr12,chr12,9478805,9587527,+-
SK-N-MC,chr8,chr8,129518631,132914895,++
SK-N-MC,chr8,chr8,129521435,130803797,+-
SK-N-MC,chr17,chr17,45578419,46289348,-+
SK-N-MC,chr4,chr4,105237140,108316818,++/--
SK-N-MC,chr3,chr3,82273803,122580480,--
SK-N-MC,chr8,chr8,39374555,39529709,+-
SK-N-MC,chr11,chr11,83565918,84313965,++/--
SK-N-MC,chr8,chr8,130829219,132917123,++
SK-N-MC,chr8,chr8,127373003,133168476,-+
SK-N-MC,chr4,chr4,5237976,39166886,+-
SK-N-MC,chr11,chr15,128794536,50547236,+-
SK-N-MC,chr11,chr22,128794540,29289538,-+
T47D,chr10,chr20,56016647,56169571,+-/-+
T47D,chr10,chr10,80377649,103102295,-+
T47D,chr6,chr6,63246867,68321621,--
T47D,chr9,chr9,82892749,93346437,--
T47D,chr10,chr10,69144962,102943664,++
T47D,chr5,chr5,44930867,62167433,++
T47D,chr9,chr9,17347032,73155260,--
T47D,chr19,chr19,43136340,43246538,+-
T47D,chr7,chr7,31476519,83543036,++/--
T47D,chr16,chr16,85350801,85784632,-+
T47D,chr9,chr9,90332466,93375658,++
T47D,chr12,chr3,15107716,192890437,--
T47D,chr14,chr14,44608363,44743854,+-
T47D,chr6,chr6,26670099,26831576,+-
T47D,chr7,chr7,28805219,29042704,-+
T47D,chr9,chr9,75339382,103595713,+-
T47D,chr22,chr6,17228467,72135163,++
T47D,chr12,chr12,9478805,9587527,+-
T47D,chr5,chr5,1749641,40587861,+-
T47D,chr19,chr19,20413003,20535167,+-
T47D,chr15,chr9,27197506,17342181,-+
T47D,chr3,chr3,130383648,141319300,++/--
T47D,chr4,chr5,6812530,1375750,++
T47D,chr10,chr3,73275647,169135002,+-
T47D,chr11,chr11,120470953,121833294,--
T47D,chr9,chr9,82894460,90340286,-+
T47D,chr8,chr8,39374555,39529709,+-
T47D,chr3,chr3,101856787,102481185,-+
T47D,chr5,chr5,76270547,76567340,-+
T47D,chr5,chr5,1531133,38925715,++
T47D,chr11,chr11,19872075,121855564,-+
T47D,chr3,chr3,187098446,190505018,+-
T47D,chr18,chr18,2854834,3030927,+-
T47D,chr3,chr9,46386431,89268414,+-
T47D,chr3,chr5,167200068,171433330,-+
T47D,chr4,chr4,68518168,68622728,+-
T47D,chr2,chr2,212584492,212720420,+-
T47D,chr12,chr12,99254415,99573965,+-
T47D,chr3,chr5,136174568,171439614,-+
T47D,chr17,chr17,20656614,22080472,+-
T47D,chr8,chr8,34557588,38206816,--
T47D,chr14,chr8,24870029,38096321,-+
T47D,chr11,chr11,81658989,81816535,+-
T47D,chr10,chr3,102942647,187203642,++
T47D,chr9,chr9,90849164,91985217,++
T47D,chr15,chr7,29673063,87701243,-+
T47D,chr10,chr10,18307707,35335171,+-